{"1": {"candidates": [{"formatted_address": "18 Dorrance St, Boston, MA 02129, USA", "geometry": {"location": {"lat": 42.3871438, "lng": -71.07591529999999}, "viewport": {"northeast": {"lat": 42.38844567989272, "lng": -71.07461617010728}, "southwest": {"lat": 42.38574602010728, "lng": -71.07731582989271}}}, "name": "18 Dorrance St"}], "status": "OK"}, "3": {"candidates": [{"formatted_address": "640 Huntington Ave, Boston, MA 02215, Vereinigte Staaten", "geometry": {"location": {"lat": 42.3359479, "lng": -71.09949639999999}, "viewport": {"northeast": {"lat": 42.33734722989272, "lng": -71.09818287010728}, "southwest": {"lat": 42.33464757010728, "lng": -71.10088252989271}}}, "name": "Colleges of the Fenway"}], "status": "OK"}, "4": {"candidates": [{"formatted_address": "Tremont St & Berkeley St, Boston, MA 02116, USA", "geometry": {"location": {"lat": 42.3452651, "lng": -71.0698391}, "viewport": {"northeast": {"lat": 42.34661492989273, "lng": -71.06848927010726}, "southwest": {"lat": 42.34391527010729, "lng": -71.07118892989271}}}, "name": "Tremont St & Berkeley St"}], "status": "OK"}, "5": {"candidates": [{"formatted_address": "10 Gainsborough St, Boston, MA 02115, Vereinigte Staaten", "geometry": {"location": {"lat": 42.3403821, "lng": -71.08574879999999}, "viewport": {"northeast": {"lat": 42.34187877989272, "lng": -71.08420072010728}, "southwest": {"lat": 42.33917912010727, "lng": -71.08690037989271}}}, "name": "Gainsborough Parking Garage"}], "status": "OK"}, "6": {"candidates": [{"formatted_address": "Joy St & Cambridge St, Boston, MA 02114, USA", "geometry": {"location": {"lat": 42.3611271, "lng": -71.0651543}, "viewport": {"northeast": {"lat": 42.36247692989272, "lng": -71.06380447010727}, "southwest": {"lat": 42.35977727010728, "lng": -71.06650412989272}}}, "name": "Joy St & Cambridge St"}], "status": "OK"}, "7": {"candidates": [{"formatted_address": "Fan Pier Boulevard, Boston, MA 02210, USA", "geometry": {"location": {"lat": 42.3536678, "lng": -71.0454519}, "viewport": {"northeast": {"lat": 42.35501762989272, "lng": -71.04410207010729}, "southwest": {"lat": 42.35231797010727, "lng": -71.04680172989272}}}, "name": "Fan Pier Boulevard"}], "status": "OK"}, "8": {"candidates": [{"formatted_address": "Boston, MA 02134, Vereinigte Staaten", "geometry": {"location": {"lat": 42.3536958, "lng": -71.13663559999999}, "viewport": {"northeast": {"lat": 42.35496907989272, "lng": -71.13530222010728}, "southwest": {"lat": 42.35226942010728, "lng": -71.13800187989271}}}, "name": "Union Square"}], "status": "OK"}, "9": {"candidates": [{"formatted_address": "925 Commonwealth Avenue, Boston, MA 02215, Vereinigte Staaten", "geometry": {"location": {"lat": 42.3521974, "lng": -71.1177052}, "viewport": {"northeast": {"lat": 42.35325252989273, "lng": -71.11655257010726}, "southwest": {"lat": 42.35055287010729, "lng": -71.11925222989271}}}, "name": "Agganis Arena"}], "status": "OK"}, "10": {"candidates": [{"formatted_address": "Commonwealth Ave & Marsh Chapel, Boston, MA, Vereinigte Staaten", "geometry": {"location": {"lat": 42.3500358, "lng": -71.10711599999999}, "viewport": {"northeast": {"lat": 42.35138257989272, "lng": -71.10549762010727}, "southwest": {"lat": 42.34868292010728, "lng": -71.10819727989272}}}, "name": "Boston University Central"}], "status": "OK"}, "11": {"candidates": [{"formatted_address": "Longwood Ave & Binney St, Boston, MA 02215, USA", "geometry": {"location": {"lat": 42.3382693, "lng": -71.1061508}, "viewport": {"northeast": {"lat": 42.33961912989272, "lng": -71.10480097010728}, "southwest": {"lat": 42.33691947010728, "lng": -71.10750062989271}}}, "name": "Longwood Ave & Binney St"}], "status": "OK"}, "12": {"candidates": [{"formatted_address": "1150 Tremont St, Roxbury, MA 02120, Vereinigte Staaten", "geometry": {"location": {"lat": 42.3371526, "lng": -71.08940539999999}, "viewport": {"northeast": {"lat": 42.33784562989272, "lng": -71.08857972010728}, "southwest": {"lat": 42.33514597010728, "lng": -71.09127937989271}}}, "name": "Ruggles"}], "status": "OK"}, "13": {"candidates": [{"formatted_address": "91 E Concord St # 4206, Boston, MA 02118, Vereinigte Staaten", "geometry": {"location": {"lat": 42.336088, "lng": -71.0728855}, "viewport": {"northeast": {"lat": 42.33746097989272, "lng": -71.07150192010728}, "southwest": {"lat": 42.33476132010727, "lng": -71.07420157989273}}}, "name": "Boston Medical Center: Adams William G MD"}], "status": "OK"}, "14": {"candidates": [{"formatted_address": "77 Avenue Louis Pasteur, Boston, MA 02115, Vereinigte Staaten", "geometry": {"location": {"lat": 42.3385796, "lng": -71.1028053}, "viewport": {"northeast": {"lat": 42.33974122989272, "lng": -71.10126252010728}, "southwest": {"lat": 42.33704157010727, "lng": -71.10396217989273}}}, "name": "New Research Building"}], "status": "OK"}, "15": {"candidates": [{"formatted_address": "370 Western Ave, Brighton, MA 02135, Vereinigte Staaten", "geometry": {"location": {"lat": 42.3609279, "lng": -71.13753960000001}, "viewport": {"northeast": {"lat": 42.36247987989272, "lng": -71.13612152010728}, "southwest": {"lat": 42.35978022010728, "lng": -71.13882117989273}}}, "name": "Star Market"}], "status": "OK"}, "16": {"candidates": [{"formatted_address": "145 Dartmouth St, Boston, MA 02116, Vereinigte Staaten", "geometry": {"location": {"lat": 42.34735, "lng": -71.075727}, "viewport": {"northeast": {"lat": 42.34910122989272, "lng": -71.07413464999998}, "southwest": {"lat": 42.34640157010728, "lng": -71.07690085000002}}}, "name": "Back Bay"}], "status": "OK"}, "17": {"candidates": [{"formatted_address": "2 Soldiers Field Rd, Boston, MA 02163, Vereinigte Staaten", "geometry": {"location": {"lat": 42.3652725, "lng": -71.11986569999999}, "viewport": {"northeast": {"lat": 42.36662232989271, "lng": -71.11851587010727}, "southwest": {"lat": 42.36392267010727, "lng": -71.12121552989271}}}, "name": "2 Soldiers Field Park"}], "status": "OK"}, "19": {"candidates": [{"formatted_address": "Park Dr & Buswell St, Boston, MA 02215, USA", "geometry": {"location": {"lat": 42.3475483, "lng": -71.1055564}, "viewport": {"northeast": {"lat": 42.34889812989272, "lng": -71.10420657010727}, "southwest": {"lat": 42.34619847010728, "lng": -71.10690622989272}}}, "name": "Park Dr & Buswell St"}], "status": "OK"}, "20": {"candidates": [{"formatted_address": "Atlantic Ave and, State St, Boston, MA 02110, Vereinigte Staaten", "geometry": {"location": {"lat": 42.3595484, "lng": -71.0521621}, "viewport": {"northeast": {"lat": 42.36094847989271, "lng": -71.05045080000001}, "southwest": {"lat": 42.35824882010727, "lng": -71.05412679999999}}}, "name": "Aquarium"}], "status": "OK"}, "21": {"candidates": [{"formatted_address": "800 Boylston St, Boston, MA 02199, Vereinigte Staaten", "geometry": {"location": {"lat": 42.3470567, "lng": -71.08174269999999}, "viewport": {"northeast": {"lat": 42.35099535000001, "lng": -71.07863590000001}, "southwest": {"lat": 42.34360514999998, "lng": -71.08292310000002}}}, "name": "Prudential Center"}], "status": "OK"}, "22": {"candidates": [{"formatted_address": "700 Atlantic Ave, Boston, MA 02110, Vereinigte Staaten", "geometry": {"location": {"lat": 42.3519217, "lng": -71.0550703}, "viewport": {"northeast": {"lat": 42.35371567989272, "lng": -71.05406442010728}, "southwest": {"lat": 42.35101602010728, "lng": -71.05676407989272}}}, "name": "South Station"}], "status": "OK"}, "23": {"candidates": [{"formatted_address": "28 State Street, 28 State St, Boston, MA 02109, USA", "geometry": {"location": {"lat": 42.3592454, "lng": -71.0574839}, "viewport": {"northeast": {"lat": 42.36045647989271, "lng": -71.05601632010729}, "southwest": {"lat": 42.35775682010727, "lng": -71.05871597989272}}}, "name": "28 State Street"}, {"formatted_address": "28 State Street, 28 State St, Boston, MA 02109, USA", "geometry": {"location": {"lat": 42.3592454, "lng": -71.0574839}, "viewport": {"northeast": {"lat": 42.36045647989271, "lng": -71.05601632010729}, "southwest": {"lat": 42.35775682010727, "lng": -71.05871597989272}}}, "name": "28 State Street"}], "status": "OK"}, "24": {"candidates": [{"formatted_address": "Boston Wharf Rd & Seaport Blvd, Boston, MA 02210, USA", "geometry": {"location": {"lat": 42.3517313, "lng": -71.0455573}, "viewport": {"northeast": {"lat": 42.35308112989272, "lng": -71.04420747010728}, "southwest": {"lat": 42.35038147010728, "lng": -71.04690712989273}}}, "name": "Boston Wharf Rd & Seaport Blvd"}], "status": "OK"}, "25": {"candidates": [{"formatted_address": "Tremont St & W Newton St, Boston, MA 02118, USA", "geometry": {"location": {"lat": 42.3413308, "lng": -71.0765447}, "viewport": {"northeast": {"lat": 42.34268062989272, "lng": -71.07519487010728}, "southwest": {"lat": 42.33998097010728, "lng": -71.07789452989273}}}, "name": "Tremont St & W Newton St"}], "status": "OK"}, "26": {"candidates": [{"formatted_address": "Washington St & Waltham St, Boston, MA 02118, USA", "geometry": {"location": {"lat": 42.34166099999999, "lng": -71.068782}, "viewport": {"northeast": {"lat": 42.34301082989271, "lng": -71.06743217010728}, "southwest": {"lat": 42.34031117010727, "lng": -71.07013182989272}}}, "name": "Washington St & Waltham St"}], "status": "OK"}, "27": {"candidates": [{"formatted_address": "1400 Tremont St, Boston, MA 02120, Vereinigte Staaten", "geometry": {"location": {"lat": 42.3313406, "lng": -71.0954991}, "viewport": {"northeast": {"lat": 42.33266782989272, "lng": -71.09387682010728}, "southwest": {"lat": 42.32996817010728, "lng": -71.09657647989273}}}, "name": "Roxbury Crossing"}], "status": "OK"}, "29": {"candidates": [{"formatted_address": "Batten Hall, 125 Western Ave, Allston, MA 02134, Vereinigte Staaten", "geometry": {"location": {"lat": 42.363833, "lng": -71.1240706}, "viewport": {"northeast": {"lat": 42.36531612989272, "lng": -71.12246877010729}, "southwest": {"lat": 42.36261647010727, "lng": -71.12516842989274}}}, "name": "Harvard Innovation Labs"}, {"formatted_address": "Innovation Lab - 125 Western Ave at Batten Way, Boston, MA 02134, Vereinigte Staaten", "geometry": {"location": {"lat": 42.36371279999999, "lng": -71.1245978}, "viewport": {"northeast": {"lat": 42.36503397989271, "lng": -71.12324442010728}, "southwest": {"lat": 42.36233432010727, "lng": -71.12594407989273}}}, "name": "Blue Bikes"}], "status": "OK"}, "30": {"candidates": [{"formatted_address": "728 Huntington Ave, Boston, MA 02115, Vereinigte Staaten", "geometry": {"location": {"lat": 42.333779, "lng": -71.10516}, "viewport": {"northeast": {"lat": 42.33519417989272, "lng": -71.10390397010728}, "southwest": {"lat": 42.33249452010728, "lng": -71.10660362989273}}}, "name": "Brigham Circle Chinese Food"}], "status": "OK"}, "31": {"candidates": [{"formatted_address": "1 Seaport Ln, Boston, MA 02210, Vereinigte Staaten", "geometry": {"location": {"lat": 42.34923999999999, "lng": -71.0415124}, "viewport": {"northeast": {"lat": 42.35054772989272, "lng": -71.04014012010728}, "southwest": {"lat": 42.34784807010728, "lng": -71.04283977989272}}}, "name": "Seaport Hotel Boston"}], "status": "OK"}, "32": {"candidates": [{"formatted_address": "Landmark Center, 401 Park Dr, Boston, MA 02215, USA", "geometry": {"location": {"lat": 42.3448472, "lng": -71.1023307}, "viewport": {"northeast": {"lat": 42.34582642989272, "lng": -71.10145052010726}, "southwest": {"lat": 42.34312677010728, "lng": -71.10415017989271}}}, "name": "Landmark Center"}], "status": "OK"}, "33": {"candidates": [{"formatted_address": "623 Commonwealth Avenue, Boston, MA 02215, Vereinigte Staaten", "geometry": {"location": {"lat": 42.3489032, "lng": -71.0974817}, "viewport": {"northeast": {"lat": 42.35027417989272, "lng": -71.09617722010728}, "southwest": {"lat": 42.34757452010728, "lng": -71.09887687989271}}}, "name": "Kenmore Square"}], "status": "OK"}, "35": {"candidates": [{"formatted_address": "Franklin St & Arch St, Boston, MA 02110, USA", "geometry": {"location": {"lat": 42.3554394, "lng": -71.0580323}, "viewport": {"northeast": {"lat": 42.35678922989272, "lng": -71.05668247010728}, "southwest": {"lat": 42.35408957010728, "lng": -71.05938212989271}}}, "name": "Franklin St & Arch St"}], "status": "OK"}, "36": {"candidates": [{"formatted_address": "700 Boylston St, Boston, MA 02116, Vereinigte Staaten", "geometry": {"location": {"lat": 42.3493136, "lng": -71.0781875}, "viewport": {"northeast": {"lat": 42.35083112989272, "lng": -71.0761855}, "southwest": {"lat": 42.34813147010728, "lng": -71.07989230000001}}}, "name": "Boston Public Library"}], "status": "OK"}, "37": {"candidates": [{"formatted_address": "100 Guest St, Boston, MA 02135, Vereinigte Staaten", "geometry": {"location": {"lat": 42.3571389, "lng": -71.1428284}, "viewport": {"northeast": {"lat": 42.35828292989272, "lng": -71.14172397010728}, "southwest": {"lat": 42.35558327010728, "lng": -71.14442362989271}}}, "name": "New Balance Headquarters"}], "status": "OK"}, "38": {"candidates": [{"formatted_address": "100 Causeway St, Boston, MA 02114, Vereinigte Staaten", "geometry": {"location": {"lat": 42.3656349, "lng": -71.0617218}, "viewport": {"northeast": {"lat": 42.36686842989273, "lng": -71.06025857010728}, "southwest": {"lat": 42.36416877010728, "lng": -71.06295822989271}}}, "name": "The Hub on Causeway"}], "status": "OK"}, "39": {"candidates": [{"formatted_address": "Washington St & Rutland St, Boston, MA 02118, USA", "geometry": {"location": {"lat": 42.3384079, "lng": -71.0742803}, "viewport": {"northeast": {"lat": 42.33975772989272, "lng": -71.07293047010728}, "southwest": {"lat": 42.33705807010728, "lng": -71.07563012989273}}}, "name": "Washington St & Rutland St"}], "status": "OK"}, "40": {"candidates": [{"formatted_address": "Atlantic Ave & Lewis Wharf, Boston, MA 02109, USA", "geometry": {"location": {"lat": 42.3636708, "lng": -71.0510786}, "viewport": {"northeast": {"lat": 42.36502062989273, "lng": -71.04972877010728}, "southwest": {"lat": 42.36232097010728, "lng": -71.05242842989271}}}, "name": "Atlantic Ave & Lewis Wharf"}], "status": "OK"}, "41": {"candidates": [{"formatted_address": "Commonwealth Avenue & Brighton Ave, Boston, MA 02215, USA", "geometry": {"location": {"lat": 42.35210610000001, "lng": -71.1249611}, "viewport": {"northeast": {"lat": 42.35345592989272, "lng": -71.12361127010728}, "southwest": {"lat": 42.35075627010728, "lng": -71.12631092989272}}}, "name": "Commonwealth Avenue & Brighton Ave"}], "status": "OK"}, "42": {"candidates": [{"formatted_address": "Boylston St & Arlington St, Boston, MA 02116, USA", "geometry": {"location": {"lat": 42.35195400000001, "lng": -71.0707209}, "viewport": {"northeast": {"lat": 42.35330382989272, "lng": -71.06937107010728}, "southwest": {"lat": 42.35060417010728, "lng": -71.07207072989272}}}, "name": "Boylston St & Arlington St"}], "status": "OK"}, "43": {"candidates": [{"formatted_address": "Atlantic Ave & Rowes Wharf, Boston, MA 02110, USA", "geometry": {"location": {"lat": 42.35703729999999, "lng": -71.05077299999999}, "viewport": {"northeast": {"lat": 42.35838712989271, "lng": -71.04942317010727}, "southwest": {"lat": 42.35568747010726, "lng": -71.05212282989272}}}, "name": "Atlantic Ave & Rowes Wharf"}], "status": "OK"}, "44": {"candidates": [{"formatted_address": "4 S Market St, Boston, MA 02109, Vereinigte Staaten", "geometry": {"location": {"lat": 42.360189, "lng": -71.0551145}, "viewport": {"northeast": {"lat": 42.36151942989272, "lng": -71.05343732010728}, "southwest": {"lat": 42.35881977010727, "lng": -71.05613697989273}}}, "name": "Faneuil Hall Marketplace"}], "status": "OK"}, "45": {"candidates": [{"formatted_address": "4 Jersey St, Boston, MA 02215, Vereinigte Staaten", "geometry": {"location": {"lat": 42.3466764, "lng": -71.0972178}, "viewport": {"northeast": {"lat": 42.34794292989272, "lng": -71.09452644999999}, "southwest": {"lat": 42.34524327010728, "lng": -71.09999145}}}, "name": "Fenway Park"}], "status": "OK"}, "46": {"candidates": [{"formatted_address": "13.5 acre Plaza at the intersections of Massachusetts Ave, Clearway St Belvidere St, and, Huntington Ave, Boston, MA 02115, Vereinigte Staaten", "geometry": {"location": {"lat": 42.3441492, "lng": -71.0848929}, "viewport": {"northeast": {"lat": 42.34522887989272, "lng": -71.08313702010729}, "southwest": {"lat": 42.34252922010728, "lng": -71.08583667989272}}}, "name": "The Christian Science Plaza"}], "status": "OK"}, "47": {"candidates": [{"formatted_address": "Hanover St & Cross St, Boston, MA 02109, USA", "geometry": {"location": {"lat": 42.3625472, "lng": -71.05578489999999}, "viewport": {"northeast": {"lat": 42.36389702989273, "lng": -71.05443507010727}, "southwest": {"lat": 42.36119737010728, "lng": -71.05713472989272}}}, "name": "Hanover St & Cross St"}], "status": "OK"}, "48": {"candidates": [{"formatted_address": "Franklin St, Boston, MA 02110, Vereinigte Staaten", "geometry": {"location": {"lat": 42.3563555, "lng": -71.055543}, "viewport": {"northeast": {"lat": 42.35767417989271, "lng": -71.05428742010727}, "southwest": {"lat": 42.35497452010727, "lng": -71.0569870798927}}}, "name": "Post Office Square"}], "status": "OK"}, "49": {"candidates": [{"formatted_address": "Stuart St & Charles St S, Boston, MA 02116, USA", "geometry": {"location": {"lat": 42.3509454, "lng": -71.0668647}, "viewport": {"northeast": {"lat": 42.35229522989272, "lng": -71.06551487010728}, "southwest": {"lat": 42.34959557010728, "lng": -71.06821452989271}}}, "name": "Stuart St & Charles St S"}], "status": "OK"}, "50": {"candidates": [{"formatted_address": "Boylston St & Berkeley St, Boston, MA 02116, USA", "geometry": {"location": {"lat": 42.3512376, "lng": -71.07306799999999}, "viewport": {"northeast": {"lat": 42.35258742989273, "lng": -71.07171817010726}, "southwest": {"lat": 42.34988777010728, "lng": -71.07441782989271}}}, "name": "Boylston St & Berkeley St"}], "status": "OK"}, "51": {"candidates": [{"formatted_address": "Washington St & Lenox St, Boston, MA 02118, USA", "geometry": {"location": {"lat": 42.3350525, "lng": -71.0788031}, "viewport": {"northeast": {"lat": 42.33640232989271, "lng": -71.07745327010728}, "southwest": {"lat": 42.33370267010727, "lng": -71.08015292989272}}}, "name": "Washington St & Lenox St"}], "status": "OK"}, "52": {"candidates": [{"formatted_address": "Newbury St & Hereford St, Boston, MA 02115, USA", "geometry": {"location": {"lat": 42.3487353, "lng": -71.0856755}, "viewport": {"northeast": {"lat": 42.35008512989273, "lng": -71.08432567010728}, "southwest": {"lat": 42.34738547010728, "lng": -71.08702532989271}}}, "name": "Newbury St & Hereford St"}], "status": "OK"}, "53": {"candidates": [{"formatted_address": "Beacon St & Massachusetts Ave, Boston, MA 02115, USA", "geometry": {"location": {"lat": 42.3508399, "lng": -71.08947839999999}, "viewport": {"northeast": {"lat": 42.35218972989271, "lng": -71.08812857010727}, "southwest": {"lat": 42.34949007010727, "lng": -71.09082822989272}}}, "name": "Beacon St & Massachusetts Ave"}], "status": "OK"}, "54": {"candidates": [{"formatted_address": "Tremont St & West St, Boston, MA 02108, USA", "geometry": {"location": {"lat": 42.35515900000001, "lng": -71.06335949999999}, "viewport": {"northeast": {"lat": 42.35650882989273, "lng": -71.06200967010727}, "southwest": {"lat": 42.35380917010728, "lng": -71.06470932989272}}}, "name": "Tremont St & West St"}], "status": "OK"}, "55": {"candidates": [{"formatted_address": "Boylston St & Massachusetts Ave, Boston, MA 02115, USA", "geometry": {"location": {"lat": 42.347274, "lng": -71.0877155}, "viewport": {"northeast": {"lat": 42.34862382989272, "lng": -71.08636567010728}, "southwest": {"lat": 42.34592417010727, "lng": -71.08906532989273}}}, "name": "Boylston St & Massachusetts Ave"}], "status": "OK"}, "56": {"candidates": [{"formatted_address": "Nubian Square, Boston, Massachusetts, USA", "geometry": {"location": {"lat": 42.3241223, "lng": -71.0809757}, "viewport": {"northeast": {"lat": 42.3288939, "lng": -71.075394}, "southwest": {"lat": 42.309665, "lng": -71.083921}}}, "name": "Nubian Square"}], "status": "OK"}, "57": {"candidates": [{"formatted_address": "Massachusetts Ave & Columbus Ave, Boston, MA 02118, USA", "geometry": {"location": {"lat": 42.3405969, "lng": -71.0816481}, "viewport": {"northeast": {"lat": 42.34194672989273, "lng": -71.08029827010728}, "southwest": {"lat": 42.33924707010728, "lng": -71.08299792989271}}}, "name": "Massachusetts Ave & Columbus Ave"}], "status": "OK"}, "58": {"candidates": [{"formatted_address": "Charles River, Boston, MA 02114, Vereinigte Staaten", "geometry": {"location": {"lat": 42.3568241, "lng": -71.07587269999999}, "viewport": {"northeast": {"lat": 42.35817392989271, "lng": -71.07452287010727}, "southwest": {"lat": 42.35547427010727, "lng": -71.07722252989271}}}, "name": "Boston Public Dock on the Esplanade"}], "status": "OK"}, "59": {"candidates": [{"formatted_address": "John F Fitzgerald Surface Rd, Boston, MA 02111, Vereinigte Staaten", "geometry": {"location": {"lat": 42.3511819, "lng": -71.0597459}, "viewport": {"northeast": {"lat": 42.35249922989272, "lng": -71.05823152010727}, "southwest": {"lat": 42.34979957010728, "lng": -71.06093117989272}}}, "name": "Chinatown Gate"}], "status": "OK"}, "60": {"candidates": [{"formatted_address": "Cambridge St & Charles St, Boston, MA 02114, USA", "geometry": {"location": {"lat": 42.360796, "lng": -71.0708897}, "viewport": {"northeast": {"lat": 42.36214582989272, "lng": -71.06953987010728}, "southwest": {"lat": 42.35944617010728, "lng": -71.07223952989271}}}, "name": "Cambridge St & Charles St"}], "status": "OK"}, "61": {"candidates": [{"formatted_address": "Boylston St & Fairfield St, Boston, MA 02199, USA", "geometry": {"location": {"lat": 42.3488891, "lng": -71.08178869999999}, "viewport": {"northeast": {"lat": 42.35023892989272, "lng": -71.08043887010726}, "southwest": {"lat": 42.34753927010728, "lng": -71.08313852989271}}}, "name": "Boylston St & Fairfield St"}], "status": "OK"}, "63": {"candidates": [{"formatted_address": "Gillette Park & Dorchester Ave, Boston, MA 02210, USA", "geometry": {"location": {"lat": 42.3442209, "lng": -71.0572414}, "viewport": {"northeast": {"lat": 42.34557072989271, "lng": -71.05589157010726}, "southwest": {"lat": 42.34287107010727, "lng": -71.05859122989271}}}, "name": "Gillette Park & Dorchester Ave"}], "status": "OK"}, "64": {"candidates": [{"formatted_address": "Congress St & Sleeper St, Boston, MA 02210, USA", "geometry": {"location": {"lat": 42.35125860000001, "lng": -71.0498595}, "viewport": {"northeast": {"lat": 42.35260842989273, "lng": -71.04850967010728}, "southwest": {"lat": 42.34990877010728, "lng": -71.05120932989273}}}, "name": "Congress St & Sleeper St"}], "status": "OK"}, "65": {"candidates": [{"formatted_address": "415 Summer St, Boston, MA 02210, Vereinigte Staaten", "geometry": {"location": {"lat": 42.3453315, "lng": -71.0464372}, "viewport": {"northeast": {"lat": 42.34859385, "lng": -71.04376029999999}, "southwest": {"lat": 42.34424405000001, "lng": -71.04732949999999}}}, "name": "Boston Convention and Exhibition Center"}], "status": "OK"}, "66": {"candidates": [{"formatted_address": "Commonwealth Ave and, Griggs St, Boston, MA 02134, Vereinigte Staaten", "geometry": {"location": {"lat": 42.3486747, "lng": -71.1346397}, "viewport": {"northeast": {"lat": 42.35003022989272, "lng": -71.13328732010729}, "southwest": {"lat": 42.34733057010727, "lng": -71.13598697989272}}}, "name": "Griggs Street"}], "status": "OK"}, "67": {"candidates": [{"formatted_address": "Massachusetts Ave & Amherst St, Cambridge, MA 02142, USA", "geometry": {"location": {"lat": 42.3581788, "lng": -71.0930936}, "viewport": {"northeast": {"lat": 42.35952862989272, "lng": -71.09174377010729}, "southwest": {"lat": 42.35682897010727, "lng": -71.09444342989273}}}, "name": "Massachusetts Ave & Amherst St"}], "status": "OK"}, "68": {"candidates": [{"formatted_address": "Massachusetts Ave & Essex St, Cambridge, MA 02139, USA", "geometry": {"location": {"lat": 42.3650856, "lng": -71.1031632}, "viewport": {"northeast": {"lat": 42.36643542989273, "lng": -71.10181337010728}, "southwest": {"lat": 42.36373577010728, "lng": -71.10451302989273}}}, "name": "Massachusetts Ave & Essex St"}], "status": "OK"}, "69": {"candidates": [{"formatted_address": "Beacon St &, Harvard St, Brookline, MA 02446, Vereinigte Staaten", "geometry": {"location": {"lat": 42.3417639, "lng": -71.12104149999999}, "viewport": {"northeast": {"lat": 42.34345287989272, "lng": -71.11942990000001}, "southwest": {"lat": 42.34075322010728, "lng": -71.12241829999999}}}, "name": "Harvard St @ Beacon St"}], "status": "OK"}, "70": {"candidates": [{"formatted_address": "79 John F. Kennedy St, Cambridge, MA 02138, Vereinigte Staaten", "geometry": {"location": {"lat": 42.3712317, "lng": -71.1218915}, "viewport": {"northeast": {"lat": 42.37306869999998, "lng": -71.12041037010728}, "southwest": {"lat": 42.3701519, "lng": -71.12311002989271}}}, "name": "Harvard Kennedy School"}], "status": "OK"}, "71": {"candidates": [{"formatted_address": "560 Somerville Ave, Somerville, MA 02143, Vereinigte Staaten", "geometry": {"location": {"lat": 42.3834485, "lng": -71.107451}, "viewport": {"northeast": {"lat": 42.38483122989272, "lng": -71.10608782010728}, "southwest": {"lat": 42.38213157010728, "lng": -71.10878747989271}}}, "name": "Conway Park"}], "status": "OK"}, "72": {"candidates": [{"formatted_address": "One Broadway, 1 Broadway, Cambridge, MA 02142, USA", "geometry": {"location": {"lat": 42.3627822, "lng": -71.0835375}, "viewport": {"northeast": {"lat": 42.36393917989272, "lng": -71.08233622010728}, "southwest": {"lat": 42.36123952010727, "lng": -71.08503587989271}}}, "name": "One Broadway"}], "status": "OK"}, "73": {"candidates": [{"formatted_address": "Brattle St, Cambridge, MA 02138, Vereinigte Staaten", "geometry": {"location": {"lat": 42.3732168, "lng": -71.1202181}, "viewport": {"northeast": {"lat": 42.37477087989271, "lng": -71.11805705}, "southwest": {"lat": 42.37207122010727, "lng": -71.12093844999998}}}, "name": "Harvard Square"}], "status": "OK"}, "74": {"candidates": [{"formatted_address": "Massachusetts Ave & Dunster St, Cambridge, MA 02138, USA", "geometry": {"location": {"lat": 42.3733522, "lng": -71.1185753}, "viewport": {"northeast": {"lat": 42.37470202989272, "lng": -71.11722547010727}, "southwest": {"lat": 42.37200237010727, "lng": -71.11992512989272}}}, "name": "Massachusetts Ave & Dunster St"}], "status": "OK"}, "75": {"candidates": [{"formatted_address": "Lafayette Square, 371 Massachusetts Ave, Cambridge, MA 02139, USA", "geometry": {"location": {"lat": 42.3633538, "lng": -71.0998238}, "viewport": {"northeast": {"lat": 42.36464212989272, "lng": -71.09860447010728}, "southwest": {"lat": 42.36194247010727, "lng": -71.10130412989271}}}, "name": "Lafayette Square"}], "status": "OK"}, "76": {"candidates": [{"formatted_address": "770 Massachusetts Ave, Cambridge, MA 02139, Vereinigte Staaten", "geometry": {"location": {"lat": 42.3663654, "lng": -71.105989}, "viewport": {"northeast": {"lat": 42.36780007989272, "lng": -71.10445737010727}, "southwest": {"lat": 42.36510042010728, "lng": -71.10715702989272}}}, "name": "United States Postal Service"}], "status": "OK"}, "77": {"candidates": [{"formatted_address": "Somerville, Massachusetts, USA", "geometry": {"location": {"lat": 42.3875968, "lng": -71.0994968}, "viewport": {"northeast": {"lat": 42.418118, "lng": -71.0729949}, "southwest": {"lat": 42.372997, "lng": -71.13450089999999}}}, "name": "Somerville"}], "status": "OK"}, "78": {"candidates": [{"formatted_address": "Union Square, Somerville, MA 02143, USA", "geometry": {"location": {"lat": 42.3796042, "lng": -71.0955031}, "viewport": {"northeast": {"lat": 42.38095402989272, "lng": -71.09415327010728}, "southwest": {"lat": 42.37825437010728, "lng": -71.09685292989273}}}, "name": "Union Square"}], "status": "OK"}, "79": {"candidates": [{"formatted_address": "Beacon St at Washington / Kirkland, Somerville, MA 02143, Vereinigte Staaten", "geometry": {"location": {"lat": 42.37842, "lng": -71.105668}, "viewport": {"northeast": {"lat": 42.37975702989272, "lng": -71.10431287010728}, "southwest": {"lat": 42.37705737010727, "lng": -71.10701252989271}}}, "name": "Blue Bikes"}], "status": "OK"}, "80": {"candidates": [{"formatted_address": "32 Vassar St, Cambridge, MA 02139, Vereinigte Staaten", "geometry": {"location": {"lat": 42.3618641, "lng": -71.0905626}, "viewport": {"northeast": {"lat": 42.36335072989272, "lng": -71.08935302010728}, "southwest": {"lat": 42.36065107010728, "lng": -71.09205267989272}}}, "name": "Ray and Maria Stata Center"}], "status": "OK"}, "81": {"candidates": [{"formatted_address": "Washington St & Boylston St, Boston, MA 02116, USA", "geometry": {"location": {"lat": 42.3523896, "lng": -71.0626032}, "viewport": {"northeast": {"lat": 42.35373942989272, "lng": -71.06125337010728}, "southwest": {"lat": 42.35103977010728, "lng": -71.06395302989273}}}, "name": "Washington St & Boylston St"}], "status": "OK"}, "82": {"candidates": [{"formatted_address": "1600 Beacon St, Brookline, MA 02446, Vereinigte Staaten", "geometry": {"location": {"lat": 42.3397369, "lng": -71.1356277}, "viewport": {"northeast": {"lat": 42.34100497989272, "lng": -71.13430772010727}, "southwest": {"lat": 42.33830532010728, "lng": -71.13700737989272}}}, "name": "Washington on the Square"}], "status": "OK"}, "84": {"candidates": [{"formatted_address": "Cambridgeside Pl & Edwin H Land Blvd, Cambridge, MA 02142, USA", "geometry": {"location": {"lat": 42.3669085, "lng": -71.0753616}, "viewport": {"northeast": {"lat": 42.36825832989273, "lng": -71.07401177010728}, "southwest": {"lat": 42.36555867010728, "lng": -71.07671142989271}}}, "name": "Cambridgeside Pl & Edwin H Land Blvd"}], "status": "OK"}, "85": {"candidates": [{"formatted_address": "300 1st Ave, Charlestown, MA 02129, Vereinigte Staaten", "geometry": {"location": {"lat": 42.378528, "lng": -71.0491851}, "viewport": {"northeast": {"lat": 42.37978747989273, "lng": -71.04773892010729}, "southwest": {"lat": 42.37708782010728, "lng": -71.05043857989273}}}, "name": "Spaulding Rehabilitation Hospital Boston"}], "status": "OK"}, "86": {"candidates": [{"formatted_address": "Brookline, Massachusetts 02445, Vereinigte Staaten", "geometry": {"location": {"lat": 42.3327916, "lng": -71.1166657}, "viewport": {"northeast": {"lat": 42.33393967989272, "lng": -71.11561617010729}, "southwest": {"lat": 42.33124002010727, "lng": -71.11831582989272}}}, "name": "Brookline Village"}], "status": "OK"}, "87": {"candidates": [{"formatted_address": "160 Banks St, Cambridge, MA 02138, Vereinigte Staaten", "geometry": {"location": {"lat": 42.36703809999999, "lng": -71.11462039999999}, "viewport": {"northeast": {"lat": 42.36843297989272, "lng": -71.11336472010727}, "southwest": {"lat": 42.36573332010727, "lng": -71.11606437989272}}}, "name": "Peabody Terrace"}], "status": "OK"}, "88": {"candidates": [{"formatted_address": "Mayor Alfred E. Vellucci Community Plaza, Hampshire St, Cambridge, MA 02139, USA", "geometry": {"location": {"lat": 42.37397, "lng": -71.1013558}, "viewport": {"northeast": {"lat": 42.37534052989272, "lng": -71.10003067010729}, "southwest": {"lat": 42.37264087010728, "lng": -71.10273032989272}}}, "name": "Mayor Alfred E. Vellucci Community Plaza"}], "status": "OK"}, "89": {"candidates": [{"formatted_address": "Cambridge, MA 02138, Vereinigte Staaten", "geometry": {"location": {"lat": 42.3780901, "lng": -71.1188478}, "viewport": {"northeast": {"lat": 42.38129745000001, "lng": -71.11761509999998}, "southwest": {"lat": 42.37592725, "lng": -71.1207175}}}, "name": "Harvard Law School"}], "status": "OK"}, "90": {"candidates": [{"formatted_address": "Cambridge St and O'Brien Hwy, Cambridge, MA 02141, Vereinigte Staaten", "geometry": {"location": {"lat": 42.37093309999999, "lng": -71.0775022}, "viewport": {"northeast": {"lat": 42.37247677989271, "lng": -71.07642122010728}, "southwest": {"lat": 42.36977712010727, "lng": -71.07912087989271}}}, "name": "Lechmere"}], "status": "OK"}, "91": {"candidates": [{"formatted_address": "1 Hampshire St, Cambridge, MA 02139, Vereinigte Staaten", "geometry": {"location": {"lat": 42.3661125, "lng": -71.0911777}, "viewport": {"northeast": {"lat": 42.36806152989272, "lng": -71.0889463}, "southwest": {"lat": 42.36536187010728, "lng": -71.09192150000001}}}, "name": "One Kendall Square"}], "status": "OK"}, "92": {"candidates": [{"formatted_address": "ISC, 100 Morrissey Blvd, Boston, MA 02125, Vereinigte Staaten", "geometry": {"location": {"lat": 42.314013, "lng": -71.041035}, "viewport": {"northeast": {"lat": 42.31546457989272, "lng": -71.03957177010727}, "southwest": {"lat": 42.31276492010728, "lng": -71.04227142989272}}}, "name": "Integrated Sciences Complex"}], "status": "OK"}, "93": {"candidates": [{"formatted_address": "599 Old Colony Ave, Boston, MA 02127, Vereinigte Staaten", "geometry": {"location": {"lat": 42.3206046, "lng": -71.05236909999999}, "viewport": {"northeast": {"lat": 42.32235475, "lng": -71.05037365}, "southwest": {"lat": 42.31867215, "lng": -71.05450744999999}}}, "name": "JFK / UMass"}], "status": "OK"}, "94": {"candidates": [{"formatted_address": "Main St & Austin St, Boston, MA 02129, USA", "geometry": {"location": {"lat": 42.3755558, "lng": -71.06446319999999}, "viewport": {"northeast": {"lat": 42.37690562989272, "lng": -71.06311337010727}, "southwest": {"lat": 42.37420597010728, "lng": -71.06581302989271}}}, "name": "Main St & Austin St"}], "status": "OK"}, "95": {"candidates": [{"formatted_address": "Columbia St & Cambridge St, Cambridge, MA 02141, USA", "geometry": {"location": {"lat": 42.372906, "lng": -71.0944942}, "viewport": {"northeast": {"lat": 42.37425582989272, "lng": -71.09314437010728}, "southwest": {"lat": 42.37155617010728, "lng": -71.09584402989272}}}, "name": "Columbia St & Cambridge St"}, {"formatted_address": "Columbia St & Webster Ave, Cambridge, MA 02139, USA", "geometry": {"location": {"lat": 42.3732316, "lng": -71.0944268}, "viewport": {"northeast": {"lat": 42.37458142989273, "lng": -71.09307697010728}, "southwest": {"lat": 42.37188177010729, "lng": -71.09577662989271}}}, "name": "Columbia St & Webster Ave"}], "status": "OK"}, "96": {"candidates": [{"formatted_address": "Cambridge Main Library at Broadway / Trowbridge St, Cambridge, MA 02138, Vereinigte Staaten", "geometry": {"location": {"lat": 42.373379, "lng": -71.111075}, "viewport": {"northeast": {"lat": 42.37469592989272, "lng": -71.10974972010727}, "southwest": {"lat": 42.37199627010728, "lng": -71.11244937989272}}}, "name": "Blue Bikes"}, {"formatted_address": "449 Broadway, Cambridge, MA 02138, Vereinigte Staaten", "geometry": {"location": {"lat": 42.3741209, "lng": -71.11071660000002}, "viewport": {"northeast": {"lat": 42.37499082989272, "lng": -71.10833640000001}, "southwest": {"lat": 42.37229117010727, "lng": -71.1115496}}}, "name": "Cambridge Public Library"}], "status": "OK"}, "97": {"candidates": [{"formatted_address": "10 Cowperthwaite St, Cambridge, MA 02138, Vereinigte Staaten", "geometry": {"location": {"lat": 42.3687061, "lng": -71.1153326}, "viewport": {"northeast": {"lat": 42.37010012989273, "lng": -71.11395697010728}, "southwest": {"lat": 42.36740047010728, "lng": -71.11665662989272}}}, "name": "Mather House"}], "status": "OK"}, "98": {"candidates": [{"formatted_address": "Warren St & Chelsea St, Boston, MA 02129, USA", "geometry": {"location": {"lat": 42.372227, "lng": -71.06047819999999}, "viewport": {"northeast": {"lat": 42.37357682989271, "lng": -71.05912837010726}, "southwest": {"lat": 42.37087717010727, "lng": -71.06182802989271}}}, "name": "Warren St & Chelsea St"}], "status": "OK"}, "99": {"candidates": [{"formatted_address": "Wilson Park, Boston, MA 02135, USA", "geometry": {"location": {"lat": 42.34109979999999, "lng": -71.14583019999999}, "viewport": {"northeast": {"lat": 42.34244962989273, "lng": -71.14448037010727}, "southwest": {"lat": 42.33974997010728, "lng": -71.14718002989272}}}, "name": "Wilson Park"}], "status": "OK"}, "100": {"candidates": [{"formatted_address": "Davis Square, Somerville, Massachusetts, USA", "geometry": {"location": {"lat": 42.3967172, "lng": -71.1223151}, "viewport": {"northeast": {"lat": 42.3998219, "lng": -71.1168818}, "southwest": {"lat": 42.391296, "lng": -71.127597}}}, "name": "Davis Square"}], "status": "OK"}, "102": {"candidates": [{"formatted_address": "850 Broadway, Somerville, MA 02144, Vereinigte Staaten", "geometry": {"location": {"lat": 42.4003839, "lng": -71.1163749}, "viewport": {"northeast": {"lat": 42.40173372989273, "lng": -71.11502507010728}, "southwest": {"lat": 42.39903407010728, "lng": -71.11772472989271}}}, "name": "Nathan Tufts Park"}], "status": "OK"}, "103": {"candidates": [{"formatted_address": "1400 Tremont St, Boston, MA 02120, Vereinigte Staaten", "geometry": {"location": {"lat": 42.3313406, "lng": -71.0954991}, "viewport": {"northeast": {"lat": 42.33266782989272, "lng": -71.09387682010728}, "southwest": {"lat": 42.32996817010728, "lng": -71.09657647989273}}}, "name": "Roxbury Crossing"}], "status": "OK"}, "104": {"candidates": [{"formatted_address": "52 Linnaean St, Cambridge, MA 02138, Vereinigte Staaten", "geometry": {"location": {"lat": 42.3818828, "lng": -71.1246271}, "viewport": {"northeast": {"lat": 42.38343339999999, "lng": -71.12129675}, "southwest": {"lat": 42.3792458, "lng": -71.12747655000001}}}, "name": "Radcliffe Quadrangle"}, {"formatted_address": "Harvard University Radcliffe Quadrangle at Shepard St / Garden St, Cambridge, MA 02138, Vereinigte Staaten", "geometry": {"location": {"lat": 42.380287, "lng": -71.125107}, "viewport": {"northeast": {"lat": 42.38162992989272, "lng": -71.12377227010728}, "southwest": {"lat": 42.37893027010728, "lng": -71.12647192989272}}}, "name": "Blue Bikes"}], "status": "OK"}, "105": {"candidates": [{"formatted_address": "Magazine St & Riverside Rd, Cambridge, MA 02139, USA", "geometry": {"location": {"lat": 42.3568655, "lng": -71.1135633}, "viewport": {"northeast": {"lat": 42.35821532989272, "lng": -71.11221347010728}, "southwest": {"lat": 42.35551567010727, "lng": -71.11491312989273}}}, "name": "Magazine St & Riverside Rd"}], "status": "OK"}, "106": {"candidates": [{"formatted_address": "383 Dudley St, Boston, MA 02119, Vereinigte Staaten", "geometry": {"location": {"lat": 42.3265302, "lng": -71.0754975}, "viewport": {"northeast": {"lat": 42.32781232989272, "lng": -71.07425157010728}, "southwest": {"lat": 42.32511267010728, "lng": -71.07695122989271}}}, "name": "Dudley Town Common"}], "status": "OK"}, "107": {"candidates": [{"formatted_address": "Ames St & Main St, Cambridge, MA 02142, USA", "geometry": {"location": {"lat": 42.3625457, "lng": -71.08815080000001}, "viewport": {"northeast": {"lat": 42.36389552989272, "lng": -71.08680097010728}, "southwest": {"lat": 42.36119587010727, "lng": -71.08950062989273}}}, "name": "Ames St & Main St"}], "status": "OK"}, "108": {"candidates": [{"formatted_address": "29 Oxford St Pierce Hall, Cambridge, MA 02138, USA", "geometry": {"location": {"lat": 42.3782178, "lng": -71.1171392}, "viewport": {"northeast": {"lat": 42.37954212989272, "lng": -71.11590852010728}, "southwest": {"lat": 42.37684247010728, "lng": -71.11860817989273}}}, "name": "29 Oxford St Pierce Hall"}], "status": "OK"}, "109": {"candidates": [{"formatted_address": "100 Legends Wy, Boston, MA 02114, Vereinigte Staaten", "geometry": {"location": {"lat": 42.366198, "lng": -71.062146}, "viewport": {"northeast": {"lat": 42.36735387989272, "lng": -71.05956}, "southwest": {"lat": 42.36465422010728, "lng": -71.06406080000001}}}, "name": "TD Garden"}], "status": "OK"}, "110": {"candidates": [{"formatted_address": "Cambridge, Massachusetts 02138, Vereinigte Staaten", "geometry": {"location": {"lat": 42.3764147, "lng": -71.1140717}, "viewport": {"northeast": {"lat": 42.37773982989273, "lng": -71.11275882010727}, "southwest": {"lat": 42.37504017010728, "lng": -71.11545847989272}}}, "name": "Quincy St @ Kirkland St"}, {"formatted_address": "48 Quincy St, Cambridge, MA 02138, Vereinigte Staaten", "geometry": {"location": {"lat": 42.3755896, "lng": -71.1139702}, "viewport": {"northeast": {"lat": 42.37688297989272, "lng": -71.11271582010727}, "southwest": {"lat": 42.37418332010728, "lng": -71.11541547989272}}}, "name": "Harvard Graduate School of Design"}], "status": "OK"}, "111": {"candidates": [{"formatted_address": "Powder House Blvd & Packard Ave, Somerville, MA 02144, USA", "geometry": {"location": {"lat": 42.4044589, "lng": -71.1234739}, "viewport": {"northeast": {"lat": 42.40580872989273, "lng": -71.12212407010726}, "southwest": {"lat": 42.40310907010728, "lng": -71.12482372989271}}}, "name": "Powder House Blvd & Packard Ave"}], "status": "OK"}, "112": {"candidates": [{"formatted_address": "33 Tower St, Somerville, MA 02143, Vereinigte Staaten", "geometry": {"location": {"lat": 42.3900624, "lng": -71.10943929999999}, "viewport": {"northeast": {"lat": 42.39138327989272, "lng": -71.10790537010728}, "southwest": {"lat": 42.38868362010727, "lng": -71.11060502989271}}}, "name": "CHA Somerville Campus"}], "status": "OK"}, "113": {"candidates": [{"formatted_address": "Dorchester Ave &, Southampton St, South Boston, MA 02127, Vereinigte Staaten", "geometry": {"location": {"lat": 42.330154, "lng": -71.057655}, "viewport": {"northeast": {"lat": 42.33153387989272, "lng": -71.05625942010728}, "southwest": {"lat": 42.32883422010728, "lng": -71.05895907989272}}}, "name": "Andrew"}], "status": "OK"}, "114": {"candidates": [{"formatted_address": "239 Holland St, Somerville, MA 02144, USA", "geometry": {"location": {"lat": 42.4027687, "lng": -71.1267715}, "viewport": {"northeast": {"lat": 42.40410482989272, "lng": -71.12550112010729}, "southwest": {"lat": 42.40140517010727, "lng": -71.12820077989274}}}, "name": "239 Holland St"}], "status": "OK"}, "115": {"candidates": [{"formatted_address": "Cambridge, Massachusetts 02140, Vereinigte Staaten", "geometry": {"location": {"lat": 42.38838760000001, "lng": -71.11914759999999}, "viewport": {"northeast": {"lat": 42.38973742989273, "lng": -71.11779777010727}, "southwest": {"lat": 42.38703777010728, "lng": -71.12049742989271}}}, "name": "Porter Square Station"}], "status": "OK"}, "116": {"candidates": [{"formatted_address": "359 Broadway, Broadway, New York, NY 10013, Vereinigte Staaten", "geometry": {"location": {"lat": 40.717413, "lng": -74.0040674}, "viewport": {"northeast": {"lat": 40.71868252989272, "lng": -74.00253902010728}, "southwest": {"lat": 40.71598287010728, "lng": -74.00523867989273}}}, "name": "Blood Manor"}], "status": "OK"}, "117": {"candidates": [{"formatted_address": "Cambridge, Massachusetts 02141, Vereinigte Staaten", "geometry": {"location": {"lat": 42.371607, "lng": -71.08492}, "viewport": {"northeast": {"lat": 42.37298957989272, "lng": -71.08356397010726}, "southwest": {"lat": 42.37028992010727, "lng": -71.08626362989271}}}, "name": "Cambridge St @ Sixth St"}], "status": "OK"}, "118": {"candidates": [{"formatted_address": "Alewife Linear Park/Somerville Community Path, Cambridge, MA 02140, Vereinigte Staaten", "geometry": {"location": {"lat": 42.39777429999999, "lng": -71.1309833}, "viewport": {"northeast": {"lat": 42.39916812989273, "lng": -71.1302912}, "southwest": {"lat": 42.39646847010729, "lng": -71.1330596}}}, "name": "Linear Park"}], "status": "OK"}, "119": {"candidates": [{"formatted_address": "646 E Broadway, South Boston, MA 02127, Vereinigte Staaten", "geometry": {"location": {"lat": 42.3357294, "lng": -71.03860929999999}, "viewport": {"northeast": {"lat": 42.33700542989272, "lng": -71.03726387010727}, "southwest": {"lat": 42.33430577010728, "lng": -71.03996352989272}}}, "name": "South Boston Branch of the Boston Public Library"}], "status": "OK"}, "120": {"candidates": [{"formatted_address": "Beacon St & Charles St, Boston, MA 02108, USA", "geometry": {"location": {"lat": 42.356218, "lng": -71.06942769999999}, "viewport": {"northeast": {"lat": 42.35756782989272, "lng": -71.06807787010727}, "southwest": {"lat": 42.35486817010728, "lng": -71.07077752989271}}}, "name": "Beacon St & Charles St"}], "status": "OK"}, "121": {"candidates": [{"formatted_address": "Dorchester St & W Broadway, Boston, MA 02127, USA", "geometry": {"location": {"lat": 42.3355, "lng": -71.0456561}, "viewport": {"northeast": {"lat": 42.33684982989272, "lng": -71.04430627010728}, "southwest": {"lat": 42.33415017010728, "lng": -71.04700592989272}}}, "name": "Dorchester St & W Broadway"}], "status": "OK"}, "122": {"candidates": [{"formatted_address": "330 Brookline Ave, Boston, MA 02215, Vereinigte Staaten", "geometry": {"location": {"lat": 42.3396063, "lng": -71.10498199999999}, "viewport": {"northeast": {"lat": 42.34104102989272, "lng": -71.10379657010728}, "southwest": {"lat": 42.33834137010728, "lng": -71.10649622989273}}}, "name": "Beth Israel Deaconess Medical Center"}], "status": "OK"}, "123": {"candidates": [{"formatted_address": "Myrtle St, Boston, MA 02130, USA", "geometry": {"location": {"lat": 42.313726, "lng": -71.1154166}, "viewport": {"northeast": {"lat": 42.31507582989272, "lng": -71.11406677010729}, "southwest": {"lat": 42.31237617010727, "lng": -71.11676642989273}}}, "name": "Myrtle St"}, {"formatted_address": "Myrtle St & Centre St, Boston, MA 02130, USA", "geometry": {"location": {"lat": 42.31322979999999, "lng": -71.1141064}, "viewport": {"northeast": {"lat": 42.31457962989272, "lng": -71.11275657010728}, "southwest": {"lat": 42.31187997010728, "lng": -71.11545622989271}}}, "name": "Myrtle St & Centre St"}], "status": "OK"}, "124": {"candidates": [{"formatted_address": "20 South St, Jamaica Plain, MA 02130, Vereinigte Staaten", "geometry": {"location": {"lat": 42.3088585, "lng": -71.11513719999999}, "viewport": {"northeast": {"lat": 42.31021202989272, "lng": -71.11384352010727}, "southwest": {"lat": 42.30751237010728, "lng": -71.1165431798927}}}, "name": "Curtis Hall Community Center"}], "status": "OK"}, "125": {"candidates": [{"formatted_address": "Barbara St, Boston, MA 02130, USA", "geometry": {"location": {"lat": 42.3210258, "lng": -71.1111542}, "viewport": {"northeast": {"lat": 42.32237562989273, "lng": -71.10980437010728}, "southwest": {"lat": 42.31967597010728, "lng": -71.11250402989273}}}, "name": "Barbara St"}], "status": "OK"}, "126": {"candidates": [{"formatted_address": "Columbus Ave, Boston, MA, USA", "geometry": {"location": {"lat": 42.3206102, "lng": -71.0983243}, "viewport": {"northeast": {"lat": 42.32196002989272, "lng": -71.09697447010728}, "southwest": {"lat": 42.31926037010727, "lng": -71.09967412989272}}}, "name": "Columbus Ave"}], "status": "OK"}, "128": {"candidates": [{"formatted_address": "Columbia Rd & E Cottage St, Boston, MA 02125, USA", "geometry": {"location": {"lat": 42.3202196, "lng": -71.0610708}, "viewport": {"northeast": {"lat": 42.32156942989273, "lng": -71.05972097010728}, "southwest": {"lat": 42.31886977010728, "lng": -71.06242062989271}}}, "name": "Columbia Rd & E Cottage St"}], "status": "OK"}, "129": {"candidates": [{"formatted_address": "Boston, Massachusetts 02129, Vereinigte Staaten", "geometry": {"location": {"lat": 42.37695799999999, "lng": -71.05686}, "viewport": {"northeast": {"lat": 42.37833827989273, "lng": -71.05549497010728}, "southwest": {"lat": 42.37563862010728, "lng": -71.05819462989271}}}, "name": "Vine St @ Bunker Hill St"}], "status": "OK"}, "130": {"candidates": [{"formatted_address": "Ramsey St & Dudley St, Boston, MA 02125, USA", "geometry": {"location": {"lat": 42.31715519999999, "lng": -71.0654521}, "viewport": {"northeast": {"lat": 42.31850502989272, "lng": -71.06410227010727}, "southwest": {"lat": 42.31580537010727, "lng": -71.06680192989272}}}, "name": "Ramsey St & Dudley St"}], "status": "OK"}, "131": {"candidates": [{"formatted_address": "Boston, MA 02130, Vereinigte Staaten", "geometry": {"location": {"lat": 42.3232037, "lng": -71.0997781}, "viewport": {"northeast": {"lat": 42.32447182989272, "lng": -71.09840502010726}, "southwest": {"lat": 42.32177217010727, "lng": -71.10110467989271}}}, "name": "Jackson Square"}], "status": "OK"}, "132": {"candidates": [{"formatted_address": "125 Summer St, Boston, MA 02111, Vereinigte Staaten", "geometry": {"location": {"lat": 42.3530336, "lng": -71.0575436}, "viewport": {"northeast": {"lat": 42.35452272989272, "lng": -71.05603577010727}, "southwest": {"lat": 42.35182307010727, "lng": -71.05873542989272}}}, "name": "125 Summer Street"}], "status": "OK"}, "133": {"candidates": [{"formatted_address": "150 Green St, Boston, MA 02130, Vereinigte Staaten", "geometry": {"location": {"lat": 42.3104107, "lng": -71.1075721}, "viewport": {"northeast": {"lat": 42.31186212989272, "lng": -71.10610497010727}, "southwest": {"lat": 42.30916247010728, "lng": -71.10880462989272}}}, "name": "Green Street"}], "status": "OK"}, "134": {"candidates": [{"formatted_address": "583 Boylston St, Boston, MA 02116, Vereinigte Staaten", "geometry": {"location": {"lat": 42.350468, "lng": -71.07673319999999}, "viewport": {"northeast": {"lat": 42.35172172989272, "lng": -71.07533707010728}, "southwest": {"lat": 42.34902207010728, "lng": -71.07803672989272}}}, "name": "New Balance Boylston"}], "status": "OK"}, "135": {"candidates": [{"formatted_address": "The Innovation and Design Building, Boston, MA 02210, USA", "geometry": {"location": {"lat": 42.3442473, "lng": -71.0305549}, "viewport": {"northeast": {"lat": 42.34573387989272, "lng": -71.02969015000001}, "southwest": {"lat": 42.34303422010728, "lng": -71.03314914999999}}}, "name": "The Innovation and Design Building"}], "status": "OK"}, "136": {"candidates": [{"formatted_address": "The Innovation and Design Building, Boston, MA 02210, USA", "geometry": {"location": {"lat": 42.3442473, "lng": -71.0305549}, "viewport": {"northeast": {"lat": 42.34573387989272, "lng": -71.02969015000001}, "southwest": {"lat": 42.34303422010728, "lng": -71.03314914999999}}}, "name": "The Innovation and Design Building"}], "status": "OK"}, "137": {"candidates": [{"formatted_address": "541 Broadway, Somerville, MA 02145, Vereinigte Staaten", "geometry": {"location": {"lat": 42.3978092, "lng": -71.1073443}, "viewport": {"northeast": {"lat": 42.39936662989272, "lng": -71.10587402010728}, "southwest": {"lat": 42.39666697010728, "lng": -71.10857367989271}}}, "name": "Trum Field"}], "status": "OK"}, "138": {"candidates": [{"formatted_address": "Massachusetts Ave & Newmarket Square, Boston, MA 02118, USA", "geometry": {"location": {"lat": 42.3267366, "lng": -71.0668273}, "viewport": {"northeast": {"lat": 42.32808642989271, "lng": -71.06547747010728}, "southwest": {"lat": 42.32538677010727, "lng": -71.06817712989272}}}, "name": "Massachusetts Ave & Newmarket Square"}], "status": "OK"}, "139": {"candidates": [{"formatted_address": "70 Magazine St, Cambridge, MA 02139, Vereinigte Staaten", "geometry": {"location": {"lat": 42.3614101, "lng": -71.1078064}, "viewport": {"northeast": {"lat": 42.36285722989273, "lng": -71.10658912010727}, "southwest": {"lat": 42.36015757010728, "lng": -71.10928877989272}}}, "name": "Dana Square Park"}], "status": "OK"}, "140": {"candidates": [{"formatted_address": "99 Sherman St, Cambridge, MA 02138, Vereinigte Staaten", "geometry": {"location": {"lat": 42.3890049, "lng": -71.13310299999999}, "viewport": {"northeast": {"lat": 42.39139729999998, "lng": -71.1294401}, "southwest": {"lat": 42.3857625, "lng": -71.14210849999998}}}, "name": "Danehy Park"}], "status": "OK"}, "141": {"candidates": [{"formatted_address": "Kendall St, Boston, MA, USA", "geometry": {"location": {"lat": 42.3362247, "lng": -71.08225560000001}, "viewport": {"northeast": {"lat": 42.33757452989272, "lng": -71.08090577010728}, "southwest": {"lat": 42.33487487010728, "lng": -71.08360542989273}}}, "name": "Kendall St"}], "status": "OK"}, "142": {"candidates": [{"formatted_address": "Alewife Station (Russell Field Entrance, Cambridge, MA 02140, Vereinigte Staaten", "geometry": {"location": {"lat": 42.3961736, "lng": -71.139792}, "viewport": {"northeast": {"lat": 42.39752342989272, "lng": -71.13844217010728}, "southwest": {"lat": 42.39482377010727, "lng": -71.14114182989273}}}, "name": "Alewife Station (Russell Field Entrance)"}, {"formatted_address": "Rindge Ave, Cambridge, MA 02140, Vereinigte Staaten", "geometry": {"location": {"lat": 42.39629009999999, "lng": -71.1371247}, "viewport": {"northeast": {"lat": 42.39764952989272, "lng": -71.13537442010728}, "southwest": {"lat": 42.39494987010728, "lng": -71.13807407989273}}}, "name": "Russell Field"}], "status": "OK"}, "143": {"candidates": [{"formatted_address": "6 Museum Way, Cambridge, MA 02141, Vereinigte Staaten", "geometry": {"location": {"lat": 42.36901599999999, "lng": -71.0690224}, "viewport": {"northeast": {"lat": 42.37096312989271, "lng": -71.06721825000001}, "southwest": {"lat": 42.36826347010727, "lng": -71.07332085}}}, "name": "North Point Park"}], "status": "OK"}, "145": {"candidates": [{"formatted_address": "70 Rindge Ave, Cambridge, MA 02140, Vereinigte Staaten", "geometry": {"location": {"lat": 42.3927124, "lng": -71.12847529999999}, "viewport": {"northeast": {"lat": 42.39372407989272, "lng": -71.12746047010727}, "southwest": {"lat": 42.39102442010728, "lng": -71.1301601298927}}}, "name": "Cambridge Public Library - O'Neill Branch"}], "status": "OK"}, "149": {"candidates": [{"formatted_address": "156 Western Ave, Allston, MA 02134, Vereinigte Staaten", "geometry": {"location": {"lat": 42.362255, "lng": -71.1276144}, "viewport": {"northeast": {"lat": 42.36369277989272, "lng": -71.12628177010728}, "southwest": {"lat": 42.36099312010728, "lng": -71.12898142989272}}}, "name": "Harvard Transportation Services"}], "status": "OK"}, "150": {"candidates": [{"formatted_address": "1 Iron St, Boston, MA 02210, Vereinigte Staaten", "geometry": {"location": {"lat": 42.3445739, "lng": -71.0521316}, "viewport": {"northeast": {"lat": 42.34606237989272, "lng": -71.05075847010728}, "southwest": {"lat": 42.34336272010728, "lng": -71.05345812989273}}}, "name": "Channel Center Building"}], "status": "OK"}, "151": {"candidates": [{"formatted_address": "India St & John F Fitzgerald Surface Rd, Boston, MA 02110, USA", "geometry": {"location": {"lat": 42.3579163, "lng": -71.05195010000001}, "viewport": {"northeast": {"lat": 42.35926612989272, "lng": -71.05060027010728}, "southwest": {"lat": 42.35656647010728, "lng": -71.05329992989273}}}, "name": "India St & John F Fitzgerald Surface Rd"}], "status": "OK"}, "152": {"candidates": [{"formatted_address": "300 Harrison Ave, Boston, MA 02118, Vereinigte Staaten", "geometry": {"location": {"lat": 42.3460784, "lng": -71.0629343}, "viewport": {"northeast": {"lat": 42.34748877989271, "lng": -71.06170207010729}, "southwest": {"lat": 42.34478912010727, "lng": -71.06440172989272}}}, "name": "Ink Block"}, {"formatted_address": "90 Traveler St, Boston, MA 02118, Vereinigte Staaten", "geometry": {"location": {"lat": 42.344015, "lng": -71.0617783}, "viewport": {"northeast": {"lat": 42.34536457989272, "lng": -71.06042857010729}, "southwest": {"lat": 42.34266492010727, "lng": -71.06312822989273}}}, "name": "Underground at Ink Block"}], "status": "OK"}, "159": {"candidates": [{"formatted_address": "S Huntington Ave & Heath St, Boston, MA 02130, USA", "geometry": {"location": {"lat": 42.32892349999999, "lng": -71.1107526}, "viewport": {"northeast": {"lat": 42.33027332989271, "lng": -71.10940277010728}, "southwest": {"lat": 42.32757367010727, "lng": -71.11210242989272}}}, "name": "S Huntington Ave & Heath St"}], "status": "OK"}, "160": {"candidates": [{"formatted_address": "550 Huntington Ave, Boston, MA 02115, Vereinigte Staaten", "geometry": {"location": {"lat": 42.3370447, "lng": -71.0965415}, "viewport": {"northeast": {"lat": 42.33848552989272, "lng": -71.09521377010728}, "southwest": {"lat": 42.33578587010728, "lng": -71.09791342989273}}}, "name": "Wentworth Institute of Technology"}], "status": "OK"}, "161": {"candidates": [{"formatted_address": "D St & W Broadway, Boston, MA 02127, USA", "geometry": {"location": {"lat": 42.3388081, "lng": -71.05084049999999}, "viewport": {"northeast": {"lat": 42.34015792989273, "lng": -71.04949067010728}, "southwest": {"lat": 42.33745827010728, "lng": -71.05219032989272}}}, "name": "D St & W Broadway"}], "status": "OK"}, "162": {"candidates": [{"formatted_address": "132 Seaver St #1527, Dorchester, MA 02121, Vereinigte Staaten", "geometry": {"location": {"lat": 42.3096052, "lng": -71.0913279}, "viewport": {"northeast": {"lat": 42.31089277989272, "lng": -71.09006042010726}, "southwest": {"lat": 42.30819312010728, "lng": -71.09276007989271}}}, "name": "Franklin Park Apartments"}], "status": "OK"}, "163": {"candidates": [{"formatted_address": "420 D St, Boston, MA 02210, Vereinigte Staaten", "geometry": {"location": {"lat": 42.3444226, "lng": -71.0449442}, "viewport": {"northeast": {"lat": 42.34544522989273, "lng": -71.04403217010729}, "southwest": {"lat": 42.34274557010728, "lng": -71.04673182989272}}}, "name": "The Lawn On D"}], "status": "OK"}, "167": {"candidates": [{"formatted_address": "50 Freeman St, Dorchester, MA 02122, Vereinigte Staaten", "geometry": {"location": {"lat": 42.2999406, "lng": -71.0618518}, "viewport": {"northeast": {"lat": 42.30143887989272, "lng": -71.06030102010729}, "southwest": {"lat": 42.29873922010727, "lng": -71.06300067989274}}}, "name": "Fields Corner"}], "status": "OK"}, "169": {"candidates": [{"formatted_address": "10 Eden St, Boston, MA 02129, Vereinigte Staaten", "geometry": {"location": {"lat": 42.37942, "lng": -71.0684121}, "viewport": {"northeast": {"lat": 42.38067222989272, "lng": -71.06687757010728}, "southwest": {"lat": 42.37797257010727, "lng": -71.06957722989272}}}, "name": "Edwards Playground"}], "status": "OK"}, "170": {"candidates": [{"formatted_address": "1 Franklin Park Rd, Boston, MA 02121, Vereinigte Staaten", "geometry": {"location": {"lat": 42.3051999, "lng": -71.0902795}, "viewport": {"northeast": {"lat": 42.31057209999999, "lng": -71.08046625}, "southwest": {"lat": 42.29920730000001, "lng": -71.09995685}}}, "name": "Franklin Park Zoo"}], "status": "OK"}, "171": {"candidates": [{"formatted_address": "250 Rutherford Ave, Boston, MA 02129, Vereinigte Staaten", "geometry": {"location": {"lat": 42.3750662, "lng": -71.06951760000001}, "viewport": {"northeast": {"lat": 42.37605317989272, "lng": -71.06803112010729}, "southwest": {"lat": 42.37335352010728, "lng": -71.07073077989274}}}, "name": "Bunker Hill Community College"}], "status": "OK"}, "174": {"candidates": [{"formatted_address": "Boston, Massachusetts 02135, Vereinigte Staaten", "geometry": {"location": {"lat": 42.3490165, "lng": -71.1607464}, "viewport": {"northeast": {"lat": 42.35031817989271, "lng": -71.15940097010726}, "southwest": {"lat": 42.34761852010727, "lng": -71.1621006298927}}}, "name": "Washington St @ Brock St"}], "status": "OK"}, "175": {"candidates": [{"formatted_address": "11 Baldwin Pl, Brighton, MA 02135, Vereinigte Staaten", "geometry": {"location": {"lat": 42.3484078, "lng": -71.1542207}, "viewport": {"northeast": {"lat": 42.34976797989273, "lng": -71.15291232010728}, "southwest": {"lat": 42.34706832010728, "lng": -71.15561197989271}}}, "name": "Brighton Center Historic District"}], "status": "OK"}, "176": {"candidates": [{"formatted_address": "29 Everett St, Cambridge, MA 02138, Vereinigte Staaten", "geometry": {"location": {"lat": 42.38017929999999, "lng": -71.11736359999999}, "viewport": {"northeast": {"lat": 42.38477415, "lng": -71.1144001}, "southwest": {"lat": 42.37428035, "lng": -71.1218305}}}, "name": "Lesley University"}], "status": "OK"}, "177": {"candidates": [{"formatted_address": "270 Bay State Rd, Boston, MA 02215, Vereinigte Staaten", "geometry": {"location": {"lat": 42.3511927, "lng": -71.1060828}, "viewport": {"northeast": {"lat": 42.35248632989272, "lng": -71.10473952010727}, "southwest": {"lat": 42.34978667010727, "lng": -71.10743917989271}}}, "name": "BU Beach"}], "status": "OK"}, "178": {"candidates": [{"formatted_address": "Purrington St, Cambridge, MA 02139, USA", "geometry": {"location": {"lat": 42.360031, "lng": -71.09972499999999}, "viewport": {"northeast": {"lat": 42.36138082989272, "lng": -71.09837517010727}, "southwest": {"lat": 42.35868117010728, "lng": -71.10107482989272}}}, "name": "Purrington St"}], "status": "OK"}, "179": {"candidates": [{"formatted_address": "Vassar St, Boston, MA 02121, USA", "geometry": {"location": {"lat": 42.2999522, "lng": -71.077326}, "viewport": {"northeast": {"lat": 42.30130202989272, "lng": -71.07597617010728}, "southwest": {"lat": 42.29860237010728, "lng": -71.07867582989273}}}, "name": "Vassar St"}], "status": "OK"}, "180": {"candidates": [{"formatted_address": "Mt Auburn St, Boston, MA, USA", "geometry": {"location": {"lat": 42.3746675, "lng": -71.1497227}, "viewport": {"northeast": {"lat": 42.37601732989272, "lng": -71.14837287010727}, "southwest": {"lat": 42.37331767010728, "lng": -71.15107252989272}}}, "name": "Mt Auburn St"}], "status": "OK"}}